<?xml version="1.0" encoding="UTF-8"?>
<office:document-content xmlns:office="urn:oasis:names:tc:opendocument:xmlns:office:1.0" xmlns:style="urn:oasis:names:tc:opendocument:xmlns:style:1.0" xmlns:text="urn:oasis:names:tc:opendocument:xmlns:text:1.0" xmlns:table="urn:oasis:names:tc:opendocument:xmlns:table:1.0" xmlns:draw="urn:oasis:names:tc:opendocument:xmlns:drawing:1.0" xmlns:fo="urn:oasis:names:tc:opendocument:xmlns:xsl-fo-compatible:1.0" xmlns:xlink="http://www.w3.org/1999/xlink" xmlns:dc="http://purl.org/dc/elements/1.1/" xmlns:meta="urn:oasis:names:tc:opendocument:xmlns:meta:1.0" xmlns:number="urn:oasis:names:tc:opendocument:xmlns:datastyle:1.0" xmlns:presentation="urn:oasis:names:tc:opendocument:xmlns:presentation:1.0" xmlns:svg="urn:oasis:names:tc:opendocument:xmlns:svg-compatible:1.0" xmlns:chart="urn:oasis:names:tc:opendocument:xmlns:chart:1.0" xmlns:dr3d="urn:oasis:names:tc:opendocument:xmlns:dr3d:1.0" xmlns:math="http://www.w3.org/1998/Math/MathML" xmlns:form="urn:oasis:names:tc:opendocument:xmlns:form:1.0" xmlns:script="urn:oasis:names:tc:opendocument:xmlns:script:1.0" xmlns:ooo="http://openoffice.org/2004/office" xmlns:ooow="http://openoffice.org/2004/writer" xmlns:oooc="http://openoffice.org/2004/calc" xmlns:dom="http://www.w3.org/2001/xml-events" xmlns:xforms="http://www.w3.org/2002/xforms" xmlns:xsd="http://www.w3.org/2001/XMLSchema" xmlns:xsi="http://www.w3.org/2001/XMLSchema-instance" xmlns:rpt="http://openoffice.org/2005/report" xmlns:of="urn:oasis:names:tc:opendocument:xmlns:of:1.2" xmlns:xhtml="http://www.w3.org/1999/xhtml" xmlns:grddl="http://www.w3.org/2003/g/data-view#" xmlns:tableooo="http://openoffice.org/2009/table" xmlns:drawooo="http://openoffice.org/2010/draw" xmlns:calcext="urn:org:documentfoundation:names:experimental:calc:xmlns:calcext:1.0" xmlns:loext="urn:org:documentfoundation:names:experimental:office:xmlns:loext:1.0" xmlns:field="urn:openoffice:names:experimental:ooo-ms-interop:xmlns:field:1.0" xmlns:formx="urn:openoffice:names:experimental:ooxml-odf-interop:xmlns:form:1.0" xmlns:css3t="http://www.w3.org/TR/css3-text/" office:version="1.2"><office:scripts/><office:font-face-decls><style:font-face style:name="Liberation Sans" svg:font-family="&apos;Liberation Sans&apos;" style:font-family-generic="swiss" style:font-pitch="variable"/><style:font-face style:name="DejaVu Sans" svg:font-family="&apos;DejaVu Sans&apos;" style:font-family-generic="system" style:font-pitch="variable"/><style:font-face style:name="Droid Sans Devanagari" svg:font-family="&apos;Droid Sans Devanagari&apos;" style:font-family-generic="system" style:font-pitch="variable"/><style:font-face style:name="Droid Sans Fallback" svg:font-family="&apos;Droid Sans Fallback&apos;" style:font-family-generic="system" style:font-pitch="variable"/></office:font-face-decls><office:automatic-styles><style:style style:name="co1" style:family="table-column"><style:table-column-properties fo:break-before="auto" style:column-width="3.738cm"/></style:style><style:style style:name="co2" style:family="table-column"><style:table-column-properties fo:break-before="auto" style:column-width="2.258cm"/></style:style><style:style style:name="co3" style:family="table-column"><style:table-column-properties fo:break-before="auto" style:column-width="3.93cm"/></style:style><style:style style:name="ro1" style:family="table-row"><style:table-row-properties style:row-height="0.452cm" fo:break-before="auto" style:use-optimal-row-height="true"/></style:style><style:style style:name="ta1" style:family="table" style:master-page-name="Default"><style:table-properties table:display="true" style:writing-mode="lr-tb"/></style:style><style:style style:name="ce1" style:family="table-cell" style:parent-style-name="Default"><style:table-cell-properties fo:border="0.06pt solid #000000"/><style:text-properties fo:font-weight="bold" style:font-weight-asian="bold" style:font-weight-complex="bold"/></style:style><style:style style:name="ce2" style:family="table-cell" style:parent-style-name="Default"><style:table-cell-properties fo:border="0.06pt solid #000000"/><style:text-properties fo:color="#660033" fo:font-weight="bold" style:font-weight-asian="bold" style:font-weight-complex="bold"/></style:style><style:style style:name="ce3" style:family="table-cell" style:parent-style-name="Default"><style:table-cell-properties fo:border="0.06pt solid #000000"/><style:text-properties fo:color="#006633" fo:font-weight="bold" style:font-weight-asian="bold" style:font-weight-complex="bold"/></style:style><style:style style:name="ce4" style:family="table-cell" style:parent-style-name="Default"><style:table-cell-properties fo:border="0.06pt solid #000000"/></style:style></office:automatic-styles><office:body><office:spreadsheet><table:table table:name="Parametros_Estaciones" table:style-name="ta1"><table:table-column table:style-name="co1" table:default-cell-style-name="ce2"/><table:table-column table:style-name="co2" table:number-columns-repeated="9" table:default-cell-style-name="ce4"/><table:table-row table:style-name="ro1"><table:table-cell table:style-name="ce1" office:value-type="string" calcext:value-type="string"><text:p>Parámetro\Estación</text:p></table:table-cell><table:table-cell table:style-name="ce3" office:value-type="string" calcext:value-type="string"><text:p>RCA-01</text:p></table:table-cell><table:table-cell table:style-name="ce3" office:value-type="string" calcext:value-type="string"><text:p>RCA-02</text:p></table:table-cell><table:table-cell table:style-name="ce3" office:value-type="string" calcext:value-type="string"><text:p>RCA-03</text:p></table:table-cell><table:table-cell table:style-name="ce3" office:value-type="string" calcext:value-type="string"><text:p>RCA-04</text:p></table:table-cell><table:table-cell table:style-name="ce3" office:value-type="string" calcext:value-type="string"><text:p>RCA-05</text:p></table:table-cell><table:table-cell table:style-name="ce3" office:value-type="string" calcext:value-type="string"><text:p>RCA-06</text:p></table:table-cell><table:table-cell table:style-name="ce3" office:value-type="string" calcext:value-type="string"><text:p>RCA-07</text:p></table:table-cell><table:table-cell table:style-name="ce3" office:value-type="string" calcext:value-type="string"><text:p>RCA-08</text:p></table:table-cell><table:table-cell table:style-name="ce3" office:value-type="string" calcext:value-type="string"><text:p>RCA-09</text:p></table:table-cell></table:table-row><table:table-row table:style-name="ro1"><table:table-cell office:value-type="string" calcext:value-type="string"><text:p>Sulfato <text:s/>disuelto</text:p></table:table-cell><table:table-cell table:number-columns-repeated="9"/></table:table-row><table:table-row table:style-name="ro1"><table:table-cell office:value-type="string" calcext:value-type="string"><text:p>Feofitina total</text:p></table:table-cell><table:table-cell table:number-columns-repeated="9"/></table:table-row><table:table-row table:style-name="ro1"><table:table-cell office:value-type="string" calcext:value-type="string"><text:p>Fósforo <text:s/>disuelto</text:p></table:table-cell><table:table-cell table:number-columns-repeated="9"/></table:table-row><table:table-row table:style-name="ro1"><table:table-cell office:value-type="string" calcext:value-type="string"><text:p>Sulfato <text:s/>disuelto</text:p></table:table-cell><table:table-cell table:number-columns-repeated="9"/></table:table-row><table:table-row table:style-name="ro1"><table:table-cell office:value-type="string" calcext:value-type="string"><text:p>Índice total</text:p></table:table-cell><table:table-cell table:number-columns-repeated="9"/></table:table-row><table:table-row table:style-name="ro1"><table:table-cell office:value-type="string" calcext:value-type="string"><text:p>nitrito total</text:p></table:table-cell><table:table-cell table:number-columns-repeated="9"/></table:table-row><table:table-row table:style-name="ro1"><table:table-cell office:value-type="string" calcext:value-type="string"><text:p>HAMs total</text:p></table:table-cell><table:table-cell table:number-columns-repeated="9"/></table:table-row><table:table-row table:style-name="ro1"><table:table-cell office:value-type="string" calcext:value-type="string"><text:p>nitrato <text:s/>disuelto</text:p></table:table-cell><table:table-cell table:number-columns-repeated="9"/></table:table-row></table:table><table:table table:name="Contenedores_Estaciones" table:style-name="ta1"><table:table-column table:style-name="co3" table:default-cell-style-name="ce2"/><table:table-column table:style-name="co2" table:number-columns-repeated="9" table:default-cell-style-name="ce1"/><table:table-row table:style-name="ro1"><table:table-cell table:style-name="ce1" office:value-type="string" calcext:value-type="string"><text:p>Contenedor\Estación</text:p></table:table-cell><table:table-cell table:style-name="ce3" office:value-type="string" calcext:value-type="string"><text:p>RCA-01</text:p></table:table-cell><table:table-cell table:style-name="ce3" office:value-type="string" calcext:value-type="string"><text:p>RCA-02</text:p></table:table-cell><table:table-cell table:style-name="ce3" office:value-type="string" calcext:value-type="string"><text:p>RCA-03</text:p></table:table-cell><table:table-cell table:style-name="ce3" office:value-type="string" calcext:value-type="string"><text:p>RCA-04</text:p></table:table-cell><table:table-cell table:style-name="ce3" office:value-type="string" calcext:value-type="string"><text:p>RCA-05</text:p></table:table-cell><table:table-cell table:style-name="ce3" office:value-type="string" calcext:value-type="string"><text:p>RCA-06</text:p></table:table-cell><table:table-cell table:style-name="ce3" office:value-type="string" calcext:value-type="string"><text:p>RCA-07</text:p></table:table-cell><table:table-cell table:style-name="ce3" office:value-type="string" calcext:value-type="string"><text:p>RCA-08</text:p></table:table-cell><table:table-cell table:style-name="ce3" office:value-type="string" calcext:value-type="string"><text:p>RCA-09</text:p></table:table-cell></table:table-row><table:table-row table:style-name="ro1"><table:table-cell office:value-type="string" calcext:value-type="string"><text:p>CEA0</text:p></table:table-cell><table:table-cell table:number-columns-repeated="9"/></table:table-row><table:table-row table:style-name="ro1"><table:table-cell office:value-type="string" calcext:value-type="string"><text:p>CEA1</text:p></table:table-cell><table:table-cell table:number-columns-repeated="9"/></table:table-row><table:table-row table:style-name="ro1"><table:table-cell office:value-type="string" calcext:value-type="string"><text:p>CEA-1</text:p></table:table-cell><table:table-cell table:number-columns-repeated="9"/></table:table-row><table:table-row table:style-name="ro1"><table:table-cell office:value-type="string" calcext:value-type="string"><text:p>CEA2</text:p></table:table-cell><table:table-cell table:number-columns-repeated="9"/></table:table-row><table:table-row table:style-name="ro1"><table:table-cell office:value-type="string" calcext:value-type="string"><text:p>CEA3</text:p></table:table-cell><table:table-cell table:number-columns-repeated="9"/></table:table-row><table:table-row table:style-name="ro1"><table:table-cell office:value-type="string" calcext:value-type="string"><text:p>CEA4</text:p></table:table-cell><table:table-cell table:number-columns-repeated="9"/></table:table-row><table:table-row table:style-name="ro1"><table:table-cell office:value-type="string" calcext:value-type="string"><text:p>CEA5</text:p></table:table-cell><table:table-cell table:number-columns-repeated="9"/></table:table-row><table:table-row table:style-name="ro1"><table:table-cell office:value-type="string" calcext:value-type="string"><text:p>CEA6</text:p></table:table-cell><table:table-cell table:number-columns-repeated="9"/></table:table-row></table:table><table:named-expressions/></office:spreadsheet></office:body></office:document-content>