<?xml version="1.0" encoding="UTF-8"?>
<office:document-meta xmlns:office="urn:oasis:names:tc:opendocument:xmlns:office:1.0" xmlns:xlink="http://www.w3.org/1999/xlink" xmlns:dc="http://purl.org/dc/elements/1.1/" xmlns:meta="urn:oasis:names:tc:opendocument:xmlns:meta:1.0" xmlns:ooo="http://openoffice.org/2004/office" xmlns:grddl="http://www.w3.org/2003/g/data-view#" office:version="1.2"><office:meta><meta:creation-date>2015-03-24T11:47:46.864145</meta:creation-date><dc:date>2015-03-24T11:50:06.970618932</dc:date><meta:generator>LibreOffice/4.3.5.2.0$Linux_X86_64 LibreOffice_project/430m0$Build-2</meta:generator><meta:editing-cycles>2</meta:editing-cycles><meta:editing-duration>PT1M</meta:editing-duration><meta:document-statistic meta:table-count="2" meta:cell-count="36" meta:object-count="0"/></office:meta></office:document-meta>